node_date,event_time,node,action,holiday_date,holiday,market,theme,note
2026-10-17,10:00,T-30,提交设计需求,2026-10-31,万圣节 / Halloween,全球/欧美重点,暗黑童话、女巫、派对礼服、南瓜配饰,
2026-10-31,10:00,当天,节日当天,2026-10-31,万圣节 / Halloween,全球/欧美重点,暗黑童话、女巫、派对礼服、南瓜配饰,
2026-11-11,10:00,T-30,提交设计需求,2026-11-25,感恩节 / Thanksgiving,美国/加拿大延展,秋收、家庭晚宴、针织、暖色礼服,
2026-11-25,10:00,当天,节日当天,2026-11-25,感恩节 / Thanksgiving,美国/加拿大延展,秋收、家庭晚宴、针织、暖色礼服,
2026-12-11,10:00,T-30,提交设计需求,2026-12-25,圣诞节 / Christmas,全球/欧美重点,节庆礼服、雪景、礼盒、冬季限定,
2026-12-18,10:00,T-30,提交设计需求,2027-01-01,元旦 / New Year's Day,全球,新年愿望、焕新、开年套装,
2026-12-25,10:00,当天,节日当天,2026-12-25,圣诞节 / Christmas,全球/欧美重点,节庆礼服、雪景、礼盒、冬季限定,
2027-01-01,10:00,当天,节日当天,2027-01-01,元旦 / New Year's Day,全球,新年愿望、焕新、开年套装,
2027-01-23,10:00,T-30,提交设计需求,2027-02-06,农历新年 / Lunar New Year,台湾/香港/韩国/越南/新加坡等,红金、生肖羊、灯笼、拜年造型,不按中国大陆市场做法，仅覆盖非大陆华人及亚洲市场。
2027-01-25,10:00,T-30,提交设计需求,2027-02-08,斋月开始 / Ramadan Starts,中东/东南亚穆斯林市场,月亮、星空、 modest fashion、夜市,
2027-01-31,10:00,T-30,提交设计需求,2027-02-14,情人节 / Valentine's Day,全球,浪漫、粉红红、约会礼服、玫瑰,
2027-02-06,10:00,当天,节日当天,2027-02-06,农历新年 / Lunar New Year,台湾/香港/韩国/越南/新加坡等,红金、生肖羊、灯笼、拜年造型,不按中国大陆市场做法，仅覆盖非大陆华人及亚洲市场。
2027-02-06,10:00,T-30,提交设计需求,2027-02-20,元宵节 / Lantern Festival,台湾/香港/东亚社群,灯笼、月夜、团圆、传统服饰,
2027-02-08,10:00,当天,节日当天,2027-02-08,斋月开始 / Ramadan Starts,中东/东南亚穆斯林市场,月亮、星空、 modest fashion、夜市,
2027-02-14,10:00,当天,节日当天,2027-02-14,情人节 / Valentine's Day,全球,浪漫、粉红红、约会礼服、玫瑰,
2027-02-20,10:00,当天,节日当天,2027-02-20,元宵节 / Lantern Festival,台湾/香港/东亚社群,灯笼、月夜、团圆、传统服饰,
2027-02-22,10:00,T-30,提交设计需求,2027-03-08,国际妇女节 / International Women's Day,全球,女性力量、职业装、紫色点缀,
2027-02-23,10:00,T-30,提交设计需求,2027-03-09,开斋节 / Eid al-Fitr,中东/东南亚穆斯林市场,节庆聚会、精致长裙、金色饰品,实际日期可能随月相观测微调。
2027-03-08,10:00,当天,节日当天,2027-03-08,国际妇女节 / International Women's Day,全球,女性力量、职业装、紫色点缀,
2027-03-09,10:00,当天,节日当天,2027-03-09,开斋节 / Eid al-Fitr,中东/东南亚穆斯林市场,节庆聚会、精致长裙、金色饰品,实际日期可能随月相观测微调。
2027-03-14,10:00,T-30,提交设计需求,2027-03-28,复活节 / Easter,欧美/基督教文化圈,彩蛋、兔子、春装、淡彩,
2027-03-28,10:00,当天,节日当天,2027-03-28,复活节 / Easter,欧美/基督教文化圈,彩蛋、兔子、春装、淡彩,
2027-03-30,10:00,T-30,提交设计需求,2027-04-13,宋干节 / Songkran,泰国/东南亚,泼水、夏日、清凉穿搭、花衬衫,
2027-04-08,10:00,T-30,提交设计需求,2027-04-22,地球日 / Earth Day,全球,环保、自然、绿色、可持续时装,
2027-04-13,10:00,当天,节日当天,2027-04-13,宋干节 / Songkran,泰国/东南亚,泼水、夏日、清凉穿搭、花衬衫,保留，只上泰国地区
2027-04-17,10:00,T-30,提交设计需求,2027-05-01,劳动节 / May Day,欧洲/台湾/香港/多数国际市场,春夏促销、轻户外、工作日焕新,
2027-04-19,10:00,T-30,提交设计需求,2027-05-03,日本黄金周 / Golden Week,日本,出游、春夏换装、休闲套装,以 5/3-5/5 核心连续假期为素材窗口。
2027-04-22,10:00,当天,节日当天,2027-04-22,地球日 / Earth Day,全球,环保、自然、绿色、可持续时装,
2027-04-25,10:00,T-30,提交设计需求,2027-05-09,母亲节 / Mother's Day,美国/台湾/香港/多国,花、珍珠、温柔礼服、家庭主题,
2027-05-01,10:00,当天,节日当天,2027-05-01,劳动节 / May Day,欧洲/台湾/香港/多数国际市场,春夏促销、轻户外、工作日焕新,
2027-05-03,10:00,当天,节日当天,2027-05-03,日本黄金周 / Golden Week,日本,出游、春夏换装、休闲套装,以 5/3-5/5 核心连续假期为素材窗口。
2027-05-09,10:00,当天,节日当天,2027-05-09,母亲节 / Mother's Day,美国/台湾/香港/多国,花、珍珠、温柔礼服、家庭主题,
2027-05-18,10:00,T-30,提交设计需求,2027-06-01,儿童节/骄傲月启动,国际/欧美重点,童趣、彩虹、多元表达、夏季主题,
2027-05-26,10:00,T-30,提交设计需求,2027-06-09,端午节 / Dragon Boat Festival,台湾/香港/东亚社群,龙舟、香囊、夏日传统纹样,
2027-06-01,10:00,当天,节日当天,2027-06-01,儿童节/骄傲月启动,国际/欧美重点,童趣、彩虹、多元表达、夏季主题,
2027-06-06,10:00,T-30,提交设计需求,2027-06-20,父亲节 / Father's Day,美国/香港/多数国际市场,家庭、休闲男装灵感、中性色,
2027-06-09,10:00,当天,节日当天,2027-06-09,端午节 / Dragon Boat Festival,台湾/香港/东亚社群,龙舟、香囊、夏日传统纹样,
2027-06-20,10:00,当天,节日当天,2027-06-20,父亲节 / Father's Day,美国/香港/多数国际市场,家庭、休闲男装灵感、中性色,
2027-06-23,10:00,T-30,提交设计需求,2027-07-07,七夕/Tanabata,日本,星河、许愿、浪漫夏夜,
2027-07-07,10:00,当天,节日当天,2027-07-07,七夕/Tanabata,日本,星河、许愿、浪漫夏夜,
2027-07-17,10:00,T-30,提交设计需求,2027-07-31,日本花火大会 / Fireworks Festival,日本,浴衣、夏祭、烟火、夜市小物,以 7 月末至 8 月上旬花火大会高峰为素材窗口。
2027-07-25,10:00,T-30,提交设计需求,2027-08-08,七夕情人节 / Qixi,台湾/香港/亚洲华人社群,星河、东方浪漫、约会礼服,
2027-07-31,10:00,当天,节日当天,2027-07-31,日本花火大会 / Fireworks Festival,日本,浴衣、夏祭、烟火、夜市小物,以 7 月末至 8 月上旬花火大会高峰为素材窗口。
2027-08-01,10:00,T-30,提交设计需求,2027-08-15,返校季 / Back to School,欧美/日韩/全球运营主题,学院风、制服、文具、早秋,
2027-08-08,10:00,当天,节日当天,2027-08-08,七夕情人节 / Qixi,台湾/香港/亚洲华人社群,星河、东方浪漫、约会礼服,
2027-08-15,10:00,当天,节日当天,2027-08-15,返校季 / Back to School,欧美/日韩/全球运营主题,学院风、制服、文具、早秋,
2027-09-01,10:00,T-30,提交设计需求,2027-09-15,中秋节/秋夕 / Mid-Autumn & Chuseok,台湾/香港/韩国/东亚社群,月亮、团圆、韩服/传统服饰、月饼,
2027-09-04,10:00,T-30,提交设计需求,2027-09-18,慕尼黑啤酒节 / Oktoberfest,德国/欧洲/全球节庆,民俗裙装、秋季、啤酒节色彩,
2027-09-15,10:00,当天,节日当天,2027-09-15,中秋节/秋夕 / Mid-Autumn & Chuseok,台湾/香港/韩国/东亚社群,月亮、团圆、韩服/传统服饰、月饼,
2027-09-18,10:00,当天,节日当天,2027-09-18,慕尼黑啤酒节 / Oktoberfest,德国/欧洲/全球节庆,民俗裙装、秋季、啤酒节色彩,
2027-10-17,10:00,T-30,提交设计需求,2027-10-31,万圣节 / Halloween,全球/欧美重点,暗黑童话、女巫、派对礼服、南瓜配饰,
2027-10-31,10:00,当天,节日当天,2027-10-31,万圣节 / Halloween,全球/欧美重点,暗黑童话、女巫、派对礼服、南瓜配饰,
2027-11-11,10:00,T-30,提交设计需求,2027-11-25,感恩节 / Thanksgiving,美国/加拿大延展,秋收、家庭晚宴、针织、暖色礼服,
2027-11-25,10:00,当天,节日当天,2027-11-25,感恩节 / Thanksgiving,美国/加拿大延展,秋收、家庭晚宴、针织、暖色礼服,
2027-12-11,10:00,T-30,提交设计需求,2027-12-25,圣诞节 / Christmas,全球/欧美重点,节庆礼服、雪景、礼盒、冬季限定,
2027-12-25,10:00,当天,节日当天,2027-12-25,圣诞节 / Christmas,全球/欧美重点,节庆礼服、雪景、礼盒、冬季限定,
